date,saleID,item name,item quantity,price
03/08/2025,1,pen,2,10.00
25/08/2025,2,Book,5,80.00
26/07/2025,2428,Pencil,6,10.00
28/09/2025,7061,Pen,6,10.00
04/06/2025,1471,Book,8,80.00
09/10/2025,5197,Note,7,70.00
07/09/2025,2350,Book,8,90.00
06/09/2025,8353,pen,4,20.00
23/07/2025,2307,Note,7,80.00
